title,salary
Assistant Engineer,48493.204785827606
Senior Engineer,48506.7518056266
Engineer,48539.78142309331
Technique Leader,48580.50577214856
Manager,51531.041666666664
Staff,58465.27190360458
Senior Staff,58503.28661432587
